WindowsService,ShortDescription,Ports,NetworkProtocol,ApplicationProtocol
LSASS (Active Directory),"Provides Active Directory authentication, authorization, domain controller replication, and LDAP services.","389, 636, 3268, 3269, 135, 445, 49152-65535",TCP/UDP,"LDAP, Global Catalog, RPC, SMB"
DNS,Resolves hostnames to IP addresses and supports Active Directory service discovery.,53,TCP/UDP,DNS
DHCP Server,Automatically assigns IP addresses and network settings to clients.,"67, 647, 2535",TCP/UDP,"DHCP, DHCP Failover, MADCAP"
DFS Namespace (Dfs),Provides a unified namespace for distributed file shares.,"135, 389, 445, 49152-65535",TCP/UDP,"LDAP, SMB, RPC"
DFS Replication (DFSR),Replicates files and folders between servers and domain controllers.,"135, 5722, 49152-65535",TCP,RPC
NetLogon,Authenticates users and computers against domain controllers and maintains secure channels.,"135, 389, 445, 49152-65535",TCP/UDP,"LDAP, RPC, SMB"
Kerberos KDC,Issues Kerberos authentication tickets for Active Directory.,"88, 464, 389",TCP/UDP,Kerberos
Windows Time (W32Time),Synchronizes system clocks with domain or external time sources.,123,UDP,"NTP, SNTP"
Server Service (LanmanServer),"Provides Windows file sharing, printer sharing, and named pipe communication.","137, 138, 139, 445",TCP/UDP,"NetBIOS, SMB"
Print Spooler,Manages print queues and printer communications.,"135, 137, 138, 139, 445, 49152-65535",TCP/UDP,"RPC, SMB, NetBIOS"
Certificate Services (CertSvc),Provides Public Key Infrastructure (PKI) and certificate issuance services.,"135, 139, 445, 49152-65535",TCP,"RPC, SMB"
RPC Service (RpcSs),Handles inter-process communication used by many Windows services.,"135, 593, 139, 445",TCP/UDP,RPC
Event Log,Collects and stores operating system and application events.,"137, 138, 139, 445",TCP/UDP,RPC over Named Pipes
WinRM,Enables remote Windows administration using PowerShell and management tools.,"5985, 5986",TCP,WinRM (HTTP/HTTPS)
Cluster Service (ClusSvc),Supports Windows Failover Clustering and high availability.,"3343, 135, 445, 5985, 49152-65535",TCP/UDP,"Cluster Service, RPC, SMB"
Hyper-V Replica,Replicates virtual machines between Hyper-V hosts.,"80, 443, 135, 49152-65535",TCP,"HTTP, HTTPS, WMI"
Hyper-V Live Migration,Migrates running virtual machines between Hyper-V hosts.,"6600, 445, 3343",TCP/UDP,"Live Migration, SMB"
SMTP Service (SMTPSVC),Sends and relays email messages.,25,TCP,SMTP
POP3 Service (POP3SVC),Allows email clients to retrieve messages from a mail server.,110,TCP,POP3
SNMP Service,Enables monitoring and management by network management systems.,161,UDP,SNMP
SNMP Trap Service,Sends SNMP event notifications to monitoring systems.,162,UDP,SNMP Trap
IIS Web Server (W3SVC),Hosts websites and web applications.,"80, 443",TCP,"HTTP, HTTPS"
FTP Service (MSFTPSVC),Hosts FTP sites and facilitates file transfers.,"20, 21, 49152-65535",TCP,FTP
Message Queuing (MSMQ),Provides reliable message delivery for distributed applications.,"1801, 2101, 2103, 2105, 2107, 3527",TCP/UDP,MSMQ
Routing and Remote Access (RRAS),"Provides VPN, NAT, and routing functionality.","1701, 1723, 500, 4500",TCP/UDP,"L2TP, PPTP, IPsec"
WINS,Provides legacy NetBIOS name resolution services.,"137, 42",TCP/UDP,"NetBIOS, WINS Replication"
Remote Desktop Services (TermService),Provides remote desktop connectivity to Windows servers and workstations.,3389,TCP/UDP,RDP
,,,,
,,,,
,,,,
,,,,
,,,,
,,,,
,,,,
,,,,
,,,,
,,,,
,,,,
,,,,
,,,,
,,,,
,,,,
,,,,
,,,,
,,,,
,,,,
,,,,
,,,,
,,,,
,,,,
,,,,
,,,,
,,,,
,,,,
,,,,
,,,,
,,,,
,,,,
,,,,
,,,,
,,,,
,,,,
,,,,
,,,,
,,,,
,,,,
,,,,
,,,,
,,,,
,,,,
,,,,
,,,,
,,,,
,,,,
,,,,
,,,,
,,,,
,,,,
,,,,
,,,,
,,,,
,,,,
,,,,
,,,,
,,,,
,,,,
,,,,
,,,,
,,,,
,,,,
,,,,
,,,,
,,,,
,,,,
,,,,
,,,,
,,,,
,,,,
,,,,
,,,,
,,,,
,,,,
,,,,
,,,,
,,,,
,,,,
,,,,
,,,,
,,,,
,,,,
,,,,
,,,,
,,,,
,,,,
,,,,
,,,,
,,,,
,,,,
,,,,
,,,,
,,,,
,,,,
,,,,
,,,,
,,,,
,,,,
,,,,
,,,,
,,,,
,,,,
,,,,
,,,,
,,,,
,,,,
,,,,
,,,,
,,,,
,,,,
,,,,
,,,,
,,,,
,,,,
,,,,
,,,,
,,,,
,,,,
,,,,
,,,,
,,,,
,,,,
,,,,
,,,,
,,,,
,,,,
,,,,
,,,,
,,,,
,,,,
,,,,
,,,,
,,,,
,,,,
,,,,
,,,,
,,,,
,,,,
,,,,
,,,,
,,,,
,,,,
,,,,
,,,,
,,,,
,,,,
,,,,
,,,,
,,,,
,,,,
,,,,
,,,,
